Action,Node 1,Node 2,Node 4
jmeter_login_and_view_dashboard,9641,1097,639
jmeter_view_issue,3823,285,252
jmeter_view_dashboard,10419,406,394
jmeter_search_jql,17706,750,686
jmeter_open_quick_create,1417,136,114
jmeter_view_kanban_board,6534,348,308
jmeter_view_scrum_board,4262,213,200
jmeter_view_backlog,11269,484,490
jmeter_create_issue,12324,452,383
jmeter_view_project_summary,10917,340,325
jmeter_open_editor,1786,115,102
jmeter_save_edit,9850,618,539
jmeter_browse_projects,1239,84,79
jmeter_open_comment,1268,89,88
jmeter_save_comment,7822,289,265
jmeter_browse_boards,1492,104,83
selenium_login:open_login_page,985,132,126
selenium_login:login_and_view_dashboard,4949,1154,577
selenium_login,5704,1281,696
selenium_browse_projects_list,1422,322,310
selenium_browse_boards_list,1573,739,293
selenium_create_issue:open_quick_create,2165,802,790
selenium_create_issue:fill_and_submit_issue_form:submit_issue_form,12949,618,615
selenium_create_issue:fill_and_submit_issue_form,13605,1228,1212
selenium_create_issue,15086,2007,1979
selenium_edit_issue:open_edit_issue_form,2137,600,586
selenium_edit_issue:save_edit_issue_form,2239,684,651
selenium_edit_issue,4790,1681,1636
selenium_save_comment:open_comment_form,1410,409,407
selenium_save_comment:submit_form,7783,895,830
selenium_save_comment,9392,1437,1368
selenium_search_jql,17460,1317,1264
selenium_view_scrum_board_backlog,5060,1439,1421
selenium_view_scrum_board,3709,895,897
selenium_view_kanban_board,7077,1124,1065
selenium_view_dashboard,1514,517,513
selenium_view_issue,3367,729,708
selenium_project_summary,3756,581,585
selenium_log_out,1871,424,406
