Action,without app,with app
jmeter_login_and_view_dashboard,5901,9641
jmeter_view_issue,3711,3823
jmeter_search_jql,16926,17706
jmeter_view_dashboard,9666,10419
jmeter_view_backlog,11074,11269
jmeter_open_quick_create,1346,1417
jmeter_create_issue,11943,12324
jmeter_view_project_summary,10398,10917
jmeter_open_editor,1683,1786
jmeter_save_edit,9398,9850
jmeter_browse_projects,1180,1239
jmeter_view_kanban_board,6085,6534
jmeter_view_scrum_board,4068,4262
jmeter_open_comment,1254,1268
jmeter_save_comment,7653,7822
jmeter_browse_boards,1417,1492
selenium_login:open_login_page,1055,985
selenium_login:login_and_view_dashboard,4624,4949
selenium_login,5493,5704
selenium_browse_projects_list,1244,1422
selenium_browse_boards_list,1532,1573
selenium_create_issue:open_quick_create,1954,2165
selenium_create_issue:fill_and_submit_issue_form:submit_issue_form,12206,12949
selenium_create_issue:fill_and_submit_issue_form,12845,13605
selenium_create_issue,14676,15086
selenium_edit_issue:open_edit_issue_form,2098,2137
selenium_edit_issue:save_edit_issue_form,2154,2239
selenium_edit_issue,4619,4790
selenium_save_comment:open_comment_form,1332,1410
selenium_save_comment:submit_form,7562,7783
selenium_save_comment,8974,9392
selenium_search_jql,23020,17460
selenium_view_scrum_board_backlog,4448,5060
selenium_view_scrum_board,3748,3709
selenium_view_kanban_board,6173,7077
selenium_view_dashboard,1482,1514
selenium_view_issue,3010,3367
selenium_project_summary,3264,3756
selenium_log_out,1750,1871
